BEGIN TRANSACTION;
CREATE TABLE IF NOT EXISTS "userinv" (
	"id"	INTEGER NOT NULL PRIMARY KEY AUTOINCREMENT UNIQUE,
	"inventoryid"	INTEGER NOT NULL DEFAULT '',
	"userid"	INTEGER NOT NULL DEFAULT '',
	"qty"	INTEGER NOT NULL DEFAULT '0',
	"date"	TEXT NOT NULL DEFAULT '',
	"notes"	TEXT NOT NULL DEFAULT '',
	"createdby"	INTEGER NOT NULL DEFAULT '',
	"disabled"	INTEGER NOT NULL DEFAULT '0'
);
CREATE TABLE IF NOT EXISTS "user" (
	"id"	INTEGER NOT NULL PRIMARY KEY AUTOINCREMENT UNIQUE,
	"name"	TEXT NOT NULL DEFAULT '',
	"login"	TEXT NOT NULL DEFAULT '',
	"fullname"	TEXT NOT NULL DEFAULT '',
	"phone"	TEXT NOT NULL DEFAULT '',
	"email"	TEXT NOT NULL DEFAULT '',
	"privilege"	INTEGER NOT NULL DEFAULT 2,
	"password"	TEXT NOT NULL DEFAULT '',
	"trustedip"	TEXT NOT NULL DEFAULT '',
	"menu"	TEXT NOT NULL DEFAULT '',
	"invmode"	INTEGER DEFAULT 'W',
	"invbarcode"	TEXT NOT NULL DEFAULT '11111111',
	"invid"	INTEGER NOT NULL DEFAULT 1,
	"createdby"	INTEGER NOT NULL,
	"disabled"	INTEGER NOT NULL DEFAULT 0
);
CREATE TABLE IF NOT EXISTS "status" (
	"id"	INTEGER NOT NULL PRIMARY KEY AUTOINCREMENT UNIQUE,
	"status"	TEXT NOT NULL DEFAULT ''
);
CREATE TABLE IF NOT EXISTS "shelf" (
	"id"	INTEGER NOT NULL DEFAULT 1 PRIMARY KEY AUTOINCREMENT UNIQUE,
	"name"	TEXT NOT NULL DEFAULT 'none',
	"barcode"	INTEGER NOT NULL DEFAULT '11111111' UNIQUE
);
CREATE TABLE IF NOT EXISTS "scinv" (
	"id"	INTEGER NOT NULL PRIMARY KEY AUTOINCREMENT UNIQUE,
	"inventoryid"	INTEGER NOT NULL DEFAULT '',
	"scid"	INTEGER NOT NULL DEFAULT '',
	"userid"	INTEGER NOT NULL DEFAULT '',
	"qty"	INTEGER NOT NULL DEFAULT '',
	"sn"	TEXT NOT NULL DEFAULT '',
	"notes"	TEXT NOT NULL DEFAULT '',
	"date"	TEXT NOT NULL DEFAULT '',
	"createdby"	INTEGER NOT NULL DEFAULT '',
	"disabled"	INTEGER NOT NULL DEFAULT '0'
);
CREATE TABLE IF NOT EXISTS "scformfields" (
	"id"	INTEGER NOT NULL PRIMARY KEY AUTOINCREMENT UNIQUE,
	"formfieldtitleid"	INTEGER NOT NULL DEFAULT '',
	"scid"	INTEGER NOT NULL DEFAULT ''
);
CREATE TABLE IF NOT EXISTS "scf" (
	"id"	INTEGER NOT NULL DEFAULT 0 PRIMARY KEY AUTOINCREMENT UNIQUE,
	"scformfields"	INTEGER DEFAULT 0,
	"scfcolid"	INTEGER NOT NULL DEFAULT 0,
	"formfieldtitleid"	INTEGER NOT NULL DEFAULT 0,
	"value"	TEXT NOT NULL DEFAULT 0,
	"scid"	INTEGER NOT NULL DEFAULT 0
);
CREATE TABLE IF NOT EXISTS "pdfchunks" (
	"id"	INTEGER NOT NULL DEFAULT 0 PRIMARY KEY AUTOINCREMENT UNIQUE,
	"chunk"	TEXT DEFAULT ''
);
CREATE TABLE IF NOT EXISTS "formfieldtitle" (
	"id"	INTEGER NOT NULL PRIMARY KEY AUTOINCREMENT UNIQUE,
	"name"	TEXT NOT NULL DEFAULT '',
	"disabled"	INTEGER NOT NULL DEFAULT 0
);
CREATE TABLE IF NOT EXISTS "formfields" (
	"id"	INTEGER NOT NULL PRIMARY KEY AUTOINCREMENT UNIQUE,
	"fgrp"	INTEGER NOT NULL,
	"fieldname"	TEXT NOT NULL
);
CREATE TABLE IF NOT EXISTS "costs" (
	"id"	INTEGER NOT NULL PRIMARY KEY AUTOINCREMENT UNIQUE,
	"name"	TEXT NOT NULL DEFAULT '',
	"longname"	TEXT NOT NULL DEFAULT '',
	"multiplier"	INTEGER NOT NULL DEFAULT 0.10,
	"createdby"	INTEGER NOT NULL DEFAULT '0'
);
CREATE TABLE IF NOT EXISTS "terms" (
	"id"	INTEGER NOT NULL DEFAULT 0 PRIMARY KEY AUTOINCREMENT UNIQUE,
	"title"	TEXT NOT NULL DEFAULT '',
	"desc"	TEXT NOT NULL DEFAULT '',
	"createdby"	INTEGER NOT NULL DEFAULT '0'
);
CREATE TABLE IF NOT EXISTS "servicecontract" (
	"id"	INTEGER NOT NULL DEFAULT '0' PRIMARY KEY AUTOINCREMENT UNIQUE,
	"contracttype"	INTEGER NOT NULL DEFAULT '',
	"hourlyrate"	TEXT NOT NULL DEFAULT '0',
	"travelrate"	TEXT NOT NULL DEFAULT '0',
	"quoteexpirydate"	TEXT NOT NULL DEFAULT '',
	"quoteterms"	TEXT NOT NULL DEFAULT '',
	"startdate"	TEXT NOT NULL DEFAULT '',
	"enddate"	TEXT NOT NULL DEFAULT '',
	"maintenancedate"	TEXT NOT NULL DEFAULT ''
);
CREATE TABLE IF NOT EXISTS "type" (
	"id"	INTEGER NOT NULL UNIQUE,
	"name"	TEXT NOT NULL DEFAULT '',
	"hourlyrate"	INTEGER NOT NULL DEFAULT 0,
	"travelrate"	INTEGER NOT NULL DEFAULT 0,
	"billingcode"	INTEGER NOT NULL DEFAULT 0,
	"createdby"	INTEGER NOT NULL DEFAULT 0,
	"disabled"	INTEGER NOT NULL DEFAULT 0,
	PRIMARY KEY("id")
);
CREATE TABLE IF NOT EXISTS "salestaxes" (
	"id"	INTEGER NOT NULL DEFAULT 0 PRIMARY KEY AUTOINCREMENT UNIQUE,
	"country"	TEXT NOT NULL DEFAULT '',
	"state"	TEXT NOT NULL DEFAULT '',
	"taxname"	TEXT NOT NULL DEFAULT '',
	"taxrate"	INTEGER NOT NULL DEFAULT 0
);
CREATE TABLE IF NOT EXISTS "company" (
	"id"	INTEGER NOT NULL DEFAULT 1 PRIMARY KEY AUTOINCREMENT UNIQUE,
	"addressid"	INTEGER NOT NULL DEFAULT '',
	"name"	TEXT NOT NULL DEFAULT '',
	"email"	TEXT NOT NULL DEFAULT '',
	"officephone"	TEXT NOT NULL DEFAULT '',
	"cellphone"	TEXT NOT NULL DEFAULT '',
	"plustax"	INTEGER DEFAULT '0',
	"fax"	TEXT NOT NULL DEFAULT '',
	"website"	TEXT NOT NULL DEFAULT '',
	"notes"	TEXT NOT NULL DEFAULT '',
	"createdby"	INTEGER NOT NULL DEFAULT 0,
	"disabled"	INTEGER NOT NULL DEFAULT 0
);
CREATE TABLE IF NOT EXISTS "inventory" (
	"id"	TEXT NOT NULL UNIQUE,
	"name"	TEXT NOT NULL DEFAULT '',
	"shelfid"	INTEGER NOT NULL DEFAULT '0',
	"qty"	INTEGER NOT NULL DEFAULT '0',
	"cost"	INTEGER NOT NULL DEFAULT '0',
	"price"	INTEGER NOT NULL DEFAULT '0',
	"supplierid"	INTEGER NOT NULL DEFAULT '0',
	"supplierpartnumber"	TEXT DEFAULT '',
	"plustax"	INTEGER NOT NULL DEFAULT 0,
	"notes"	TEXT NOT NULL DEFAULT '',
	"createdby"	INTEGER NOT NULL DEFAULT '0',
	"disabled"	INTEGER NOT NULL DEFAULT '0',
	PRIMARY KEY("id")
);
CREATE TABLE IF NOT EXISTS "poinv" (
	"id"	INTEGER NOT NULL DEFAULT '0' PRIMARY KEY AUTOINCREMENT UNIQUE,
	"inventoryid"	INTEGER NOT NULL DEFAULT '0',
	"qtid"	INTEGER NOT NULL DEFAULT '0',
	"qty"	INTEGER NOT NULL DEFAULT '0',
	"cost"	INTEGER NOT NULL DEFAULT '0',
	"costsubtotal"	INTEGER NOT NULL DEFAULT 0,
	"costtotal"	INTEGER NOT NULL DEFAULT 0,
	"price"	INTEGER NOT NULL DEFAULT '0',
	"subtotal"	INTEGER NOT NULL DEFAULT 0,
	"total"	INTEGER NOT NULL DEFAULT 0,
	"discountrate"	INTEGER NOT NULL DEFAULT '0',
	"plustax"	INTEGER NOT NULL DEFAULT '0',
	"notes"	TEXT NOT NULL DEFAULT '',
	"createdby"	INTEGER NOT NULL DEFAULT '0',
	"disabled"	INTEGER NOT NULL DEFAULT '0'
);
CREATE TABLE IF NOT EXISTS "packingslip" (
	"id"	INTEGER NOT NULL DEFAULT 0 PRIMARY KEY AUTOINCREMENT UNIQUE,
	"qtid"	INTEGER NOT NULL DEFAULT '',
	"date"	TEXT NOT NULL DEFAULT '',
	"notes"	TEXT NOT NULL DEFAULT '',
	"createdby"	INTEGER NOT NULL DEFAULT 0,
	"disabled"	INTEGER NOT NULL DEFAULT 0
);
CREATE TABLE IF NOT EXISTS "contracttype" (
	"id"	INTEGER NOT NULL DEFAULT '0' PRIMARY KEY AUTOINCREMENT UNIQUE,
	"title"	TEXT NOT NULL DEFAULT '',
	"terms"	TEXT NOT NULL DEFAULT '',
	"rate"	INTEGER NOT NULL DEFAULT 0
);
CREATE TABLE IF NOT EXISTS "equipment" (
	"id"	TEXT NOT NULL UNIQUE,
	"name"	TEXT NOT NULL DEFAULT '',
	"addressid"	INTEGER NOT NULL DEFAULT '',
	"contactid"	INTEGER NOT NULL DEFAULT '',
	"typeid"	INTEGER NOT NULL DEFAULT 0,
	"sn"	TEXT NOT NULL DEFAULT '',
	"notes"	TEXT NOT NULL DEFAULT '',
	"createdby"	INTEGER NOT NULL DEFAULT '',
	"disabled"	INTEGER NOT NULL DEFAULT 0,
	PRIMARY KEY("id")
);
CREATE TABLE IF NOT EXISTS "quote" (
	"id"	INTEGER NOT NULL DEFAULT '0' PRIMARY KEY AUTOINCREMENT UNIQUE,
	"contracttype"	INTEGER NOT NULL DEFAULT '',
	"quotedesc"	TEXT NOT NULL DEFAULT '',
	"contactid"	INTEGER NOT NULL DEFAULT '0',
	"billingaddressid"	INTEGER NOT NULL DEFAULT '',
	"sitename"	TEXT NOT NULL DEFAULT '',
	"siteaddressid"	INTEGER NOT NULL DEFAULT '',
	"currencyid"	INTEGER NOT NULL DEFAULT '0',
	"costsubtotal"	INTEGER NOT NULL DEFAULT 0,
	"costtotal"	INTEGER NOT NULL DEFAULT 0,
	"subtotal"	INTEGER NOT NULL DEFAULT 0,
	"total"	INTEGER NOT NULL DEFAULT 0,
	"plustax"	INTEGER NOT NULL DEFAULT '0',
	"date"	INTEGER NOT NULL DEFAULT '',
	"hourlyrate"	TEXT NOT NULL DEFAULT '',
	"travelrate"	TEXT NOT NULL DEFAULT '',
	"termsid"	INTEGER NOT NULL DEFAULT '0',
	"data"	TEXT NOT NULL DEFAULT '',
	"expirydate"	INTEGER NOT NULL DEFAULT '',
	"startdate"	INTEGER NOT NULL DEFAULT '',
	"enddate"	INTEGER NOT NULL DEFAULT '',
	"maintenancedate"	INTEGER NOT NULL DEFAULT '',
	"supplierid"	INTEGER NOT NULL DEFAULT '',
	"notes"	TEXT NOT NULL DEFAULT '',
	"createdby"	INTEGER NOT NULL DEFAULT '0',
	"status"	INTEGER NOT NULL DEFAULT 1,
	"disabled"	INTEGER NOT NULL DEFAULT '0'
);
CREATE TABLE IF NOT EXISTS "qtscope" (
	"id"	INTEGER NOT NULL DEFAULT 0 PRIMARY KEY AUTOINCREMENT UNIQUE,
	"typeid"	INTEGER NOT NULL DEFAULT 0,
	"qtid"	INTEGER NOT NULL DEFAULT 0
);
CREATE TABLE IF NOT EXISTS "contacts" (
	"id"	INTEGER NOT NULL PRIMARY KEY AUTOINCREMENT UNIQUE,
	"addressid"	INTEGER NOT NULL DEFAULT '',
	"title"	TEXT NOT NULL DEFAULT '',
	"name"	TEXT NOT NULL DEFAULT '',
	"email"	TEXT NOT NULL DEFAULT '',
	"officephone"	TEXT NOT NULL DEFAULT '',
	"cellphone"	TEXT NOT NULL DEFAULT '',
	"fax"	TEXT NOT NULL DEFAULT '',
	"website"	TEXT NOT NULL DEFAULT '',
	"notes"	TEXT NOT NULL DEFAULT '',
	"createdby"	INTEGER NOT NULL DEFAULT '',
	"companyid"	INTEGER NOT NULL DEFAULT 0,
	"disabled"	INTEGER NOT NULL DEFAULT 0,
	"cccontact"	INTEGER
);
CREATE TABLE IF NOT EXISTS "invscope" (
	"id"	INTEGER NOT NULL DEFAULT 0 PRIMARY KEY AUTOINCREMENT UNIQUE,
	"invid"	INTEGER NOT NULL DEFAULT 0,
	"dispatchid"	INTEGER NOT NULL DEFAULT 0
);
CREATE TABLE IF NOT EXISTS "qtinv" (
	"id"	INTEGER NOT NULL DEFAULT '0' PRIMARY KEY AUTOINCREMENT UNIQUE,
	"inventoryid"	INTEGER NOT NULL DEFAULT '0',
	"qtid"	INTEGER NOT NULL DEFAULT '0',
	"qty"	INTEGER NOT NULL DEFAULT '0',
	"cost"	INTEGER NOT NULL DEFAULT '0',
	"costsubtotal"	INTEGER NOT NULL DEFAULT 0,
	"costtotal"	INTEGER NOT NULL DEFAULT 0,
	"plustax"	INTEGER NOT NULL DEFAULT '0',
	"price"	INTEGER NOT NULL DEFAULT '0',
	"subtotal"	INTEGER NOT NULL DEFAULT 0,
	"total"	INTEGER NOT NULL DEFAULT 0,
	"discountrate"	INTEGER NOT NULL DEFAULT '0',
	"notes"	TEXT NOT NULL DEFAULT '',
	"createdby"	INTEGER NOT NULL DEFAULT '0',
	"disabled"	INTEGER NOT NULL DEFAULT '0'
);
CREATE TABLE IF NOT EXISTS "address" (
	"id"	INTEGER NOT NULL PRIMARY KEY AUTOINCREMENT UNIQUE,
	"address"	TEXT NOT NULL DEFAULT 0,
	"city"	TEXT NOT NULL DEFAULT '',
	"state"	TEXT NOT NULL DEFAULT '',
	"zip"	TEXT NOT NULL DEFAULT '',
	"country"	TEXT NOT NULL DEFAULT '',
	"createdby"	INTEGER NOT NULL DEFAULT '',
	"disabled"	INTEGER NOT NULL DEFAULT 0
);
CREATE TABLE IF NOT EXISTS "worktype" (
	"id"	INTEGER NOT NULL DEFAULT 0 PRIMARY KEY AUTOINCREMENT UNIQUE,
	"worktype"	TEXT NOT NULL DEFAULT ''
);
CREATE TABLE IF NOT EXISTS "servicecall" (
	"id"	INTEGER NOT NULL PRIMARY KEY AUTOINCREMENT UNIQUE,
	"dispatchid"	INTEGER NOT NULL DEFAULT 0,
	"userid"	INTEGER NOT NULL DEFAULT 0,
	"date"	INTEGER NOT NULL DEFAULT '',
	"starttime"	TEXT NOT NULL DEFAULT '09:00',
	"time"	INTEGER NOT NULL DEFAULT 1,
	"traveltime"	INTEGER NOT NULL DEFAULT 1,
	"solution"	TEXT NOT NULL DEFAULT '',
	"data"	TEXT NOT NULL DEFAULT '',
	"workcode"	INTEGER NOT NULL DEFAULT 0,
	"status"	INTEGER NOT NULL DEFAULT 2,
	"createdby"	INTEGER NOT NULL DEFAULT 0,
	"disabled"	INTEGER NOT NULL DEFAULT 0
);
CREATE TABLE IF NOT EXISTS "dispatch" (
	"id"	INTEGER NOT NULL DEFAULT 0 PRIMARY KEY AUTOINCREMENT UNIQUE,
	"equipmentid"	INTEGER NOT NULL DEFAULT 0,
	"addressid"	INTEGER NOT NULL DEFAULT 0,
	"contactid"	INTEGER NOT NULL DEFAULT 0,
	"date"	INTEGER NOT NULL DEFAULT 0,
	"reportedissue"	TEXT NOT NULL DEFAULT '',
	"status"	INTEGER NOT NULL DEFAULT 0,
	"reportedby"	TEXT NOT NULL DEFAULT '',
	"contact"	TEXT NOT NULL DEFAULT '',
	"notes"	TEXT NOT NULL DEFAULT '',
	"data"	TEXT NOT NULL DEFAULT '',
	"hourlyrate"	INTEGER NOT NULL DEFAULT 0,
	"travelrate"	INTEGER NOT NULL DEFAULT 0,
	"contracttype"	INTEGER NOT NULL DEFAULT 0,
	"worktype"	INTEGER NOT NULL DEFAULT 1,
	"createdby"	INTEGER NOT NULL DEFAULT 0,
	"disabled"	INTEGER NOT NULL DEFAULT 0
);
CREATE TABLE IF NOT EXISTS "invoice" (
	"id"	INTEGER NOT NULL DEFAULT 0 PRIMARY KEY AUTOINCREMENT UNIQUE,
	"qtid"	INTEGER NOT NULL DEFAULT '',
	"desc"	TEXT NOT NULL DEFAULT '',
	"date"	TEXT NOT NULL DEFAULT '',
	"notes"	TEXT NOT NULL DEFAULT '',
	"createdby"	INTEGER NOT NULL DEFAULT 0,
	"disabled"	INTEGER NOT NULL DEFAULT 0
);
INSERT INTO "userinv" VALUES (139,55555,8,5,'20230626 20:35','',0,0);
INSERT INTO "userinv" VALUES (142,12345679,8,4,'20230317 07:59','',0,0);
INSERT INTO "userinv" VALUES (151,55555,9,8,'20230317 08:26','',0,0);
INSERT INTO "userinv" VALUES (168,3333,9,5,'20230612 05:35','',0,0);
INSERT INTO "userinv" VALUES (171,55555,7,2,'20230626 20:37','',0,0);
INSERT INTO "userinv" VALUES (172,'wasa',0,1,'20230723 11:25','',0,0);
INSERT INTO "userinv" VALUES (176,'wasa',20,4,'2023-08-18 20:02','',0,0);
INSERT INTO "userinv" VALUES (177,1,0,4,'20230726 06:37','',0,0);
INSERT INTO "userinv" VALUES (178,769328100204,20,2,'2023-08-18 16:10','',2,0);
INSERT INTO "userinv" VALUES (179,'83061144727S',20,4,'2023-08-18 20:19','',2,0);
INSERT INTO "userinv" VALUES (180,70845004716,19,5,'2023081820:53','',2,0);
INSERT INTO "userinv" VALUES (182,70845004716,20,1,'2023081820:53','',2,0);
INSERT INTO "user" VALUES (0,'Admin','admin','Administrator','none','admin@system.com',0,'a','127.0.0.12','100','D','111111110','',0,0);
INSERT INTO "user" VALUES (2,'a','a','a','','',2,'a','192.168.43.16','100','D','111111111','',0,0);
INSERT INTO "user" VALUES (3,'b','b','b','b16','hhhj@fhhg.com',2,'b','','100','D','111111112','',0,1);
INSERT INTO "user" VALUES (4,'Albert','ab','Albert Bonny','416-123-4567','abon@email.com',2,'ab','','100','D','111111113','',0,0);
INSERT INTO "user" VALUES (5,'Popeye','pe','Popeye','313-535-5555','popeye@fake.com',2,'pe','','100','D','111111114','',0,0);
INSERT INTO "user" VALUES (6,'Ronald','rm','Ronald Mica','542-555-2245','rmic@home.com',2,'rm','','100','D','111111115','',0,0);
INSERT INTO "user" VALUES (7,'Ricky Roker','rn','Richard Rokker','754-555-0000','rr@roker.com',4,'rn','','','D','111111116','',0,0);
INSERT INTO "user" VALUES (8,'Ronaldo','ro','Ronaldo Ortez','777-333-4322','ronaldo@gmail.com',2,'ro','','100','D','111111117','',0,0);
INSERT INTO "user" VALUES (9,'Armin','armin','Armin Ardvark','416-333-5555','a@f.com',3,'armin','192.168.43.99','815a','D','111111118','',0,0);
INSERT INTO "user" VALUES (16,'User160','User16','User16nm','User16','User16@server.com','User16','User16n','User16','User16','D','User16','',0,'User16');
INSERT INTO "user" VALUES (17,'User17','User17','User17','User17','User17@server.com','User17','User17','User17j','User17','D','User17','',0,'User17');
INSERT INTO "user" VALUES (18,'User18','User18','User18','User18','User18@server.com','User18','User18','User18','User18','D','User18','',0,'User18');
INSERT INTO "user" VALUES (19,'User19','User19','User19','User19m','User19@server.com','User19','User19','User19','User19','D','499005076569','',0,0);
INSERT INTO "user" VALUES (20,'wendy','wendy','wendy','555-55555','wendy@woork.com',2,'wendy','','100','D','096619845781','',0,0);
INSERT INTO "status" VALUES (1,'Pending');
INSERT INTO "status" VALUES (2,'Dispatched');
INSERT INTO "status" VALUES (3,'Closed');
INSERT INTO "status" VALUES (4,'Invoiced');
INSERT INTO "status" VALUES (5,'Partially Paid');
INSERT INTO "status" VALUES (6,'Paid');
INSERT INTO "status" VALUES (7,'Done');
INSERT INTO "shelf" VALUES (0,'Sales',0);
INSERT INTO "shelf" VALUES (1,'Warehouse A1',11111111);
INSERT INTO "shelf" VALUES (2,'Warehouse A2',11111112);
INSERT INTO "shelf" VALUES (3,'Warehouse A3',11111113);
INSERT INTO "shelf" VALUES (4,'Warehouse A4',11111114);
INSERT INTO "shelf" VALUES (5,'Warehouse A5',11111115);
INSERT INTO "shelf" VALUES (6,'A1','');
INSERT INTO "shelf" VALUES (13,'roberts desk',1564);
INSERT INTO "scinv" VALUES (14,55555,8,0,1,'','','20230318 18:32',0,0);
INSERT INTO "scinv" VALUES (17,55555,9,0,1,'','','20230318 18:32',0,0);
INSERT INTO "scinv" VALUES (22,37000663959,10,0,3,'','','20230318 18:32',0,0);
INSERT INTO "scinv" VALUES (24,55555,14,0,4,'','','20230318 18:51',0,0);
INSERT INTO "scinv" VALUES (25,55555,12,0,5,'','','20230318 18:50',0,0);
INSERT INTO "scinv" VALUES (26,37000663959,8,0,7,'','','20230706 06:50',0,0);
INSERT INTO "scinv" VALUES (27,37000663959,4,0,7,'','','20230318 19:14',0,0);
INSERT INTO "scinv" VALUES (28,37000663959,33,0,8,'','','20230422 09:21',0,0);
INSERT INTO "scinv" VALUES (29,55555,35,0,5,'','','20230318 18:50',0,0);
INSERT INTO "scinv" VALUES (30,37000663959,37,0,4,'','','20230612 05:22',0,0);
INSERT INTO "scinv" VALUES (31,55555,37,0,3,'','','20230612 05:42',0,0);
INSERT INTO "scinv" VALUES (32,3333,36,0,2,'','','20230612 05:43',0,0);
INSERT INTO "scinv" VALUES (33,37000663959,36,0,1,'','','20230612 05:44',0,0);
INSERT INTO "scinv" VALUES (34,37000663959,34,0,1,'','','20230618 11:29',0,0);
INSERT INTO "scinv" VALUES (35,37000663959,7,0,1,'','','20230621 07:06',0,0);
INSERT INTO "scinv" VALUES (36,55555,8,0,1,'','','20230318 18:32',0,0);
INSERT INTO "scinv" VALUES (37,37000663959,9,0,1,'','','20230624 18:30',0,0);
INSERT INTO "scinv" VALUES (38,0,8,0,1,'','','20230706 06:50',0,0);
INSERT INTO "scinv" VALUES (39,'wasa',37,0,1,'','','20230713 12:29',0,0);
INSERT INTO "scinv" VALUES (40,'wasa',43,0,1,'443434','','20230819 08:31',0,0);
INSERT INTO "scformfields" VALUES (52,3,28);
INSERT INTO "scformfields" VALUES (53,3,28);
INSERT INTO "scformfields" VALUES (54,4,28);
INSERT INTO "scformfields" VALUES (57,4,9);
INSERT INTO "scformfields" VALUES (58,4,22);
INSERT INTO "scformfields" VALUES (59,4,24);
INSERT INTO "scformfields" VALUES (60,3,4);
INSERT INTO "scformfields" VALUES (61,5,30);
INSERT INTO "scformfields" VALUES (62,3,32);
INSERT INTO "scformfields" VALUES (63,4,34);
INSERT INTO "scformfields" VALUES (64,2,37);
INSERT INTO "scformfields" VALUES (65,2,30);
INSERT INTO "scformfields" VALUES (66,3,7);
INSERT INTO "scformfields" VALUES (67,4,8);
INSERT INTO "scformfields" VALUES (68,5,9);
INSERT INTO "scformfields" VALUES (70,3,15);
INSERT INTO "scformfields" VALUES (71,2,1);
INSERT INTO "scformfields" VALUES (72,3,1);
INSERT INTO "scf" VALUES (447,52,19,3,'1a',28);
INSERT INTO "scf" VALUES (448,52,20,3,'1',28);
INSERT INTO "scf" VALUES (449,52,21,3,'2',28);
INSERT INTO "scf" VALUES (450,52,22,3,'3',28);
INSERT INTO "scf" VALUES (451,52,23,3,'4',28);
INSERT INTO "scf" VALUES (452,52,24,3,'5',28);
INSERT INTO "scf" VALUES (453,53,19,3,'6',28);
INSERT INTO "scf" VALUES (454,53,20,3,'7',28);
INSERT INTO "scf" VALUES (455,53,21,3,'8',28);
INSERT INTO "scf" VALUES (456,53,22,3,'9',28);
INSERT INTO "scf" VALUES (457,53,23,3,'0',28);
INSERT INTO "scf" VALUES (458,53,24,3,'a',28);
INSERT INTO "scf" VALUES (459,54,26,4,'b',28);
INSERT INTO "scf" VALUES (460,54,27,4,'c',28);
INSERT INTO "scf" VALUES (461,54,28,4,'yes',28);
INSERT INTO "scf" VALUES (462,54,29,4,'d',28);
INSERT INTO "scf" VALUES (463,54,30,4,'e',28);
INSERT INTO "scf" VALUES (464,54,31,4,'f',28);
INSERT INTO "scf" VALUES (465,54,32,4,'g',28);
INSERT INTO "scf" VALUES (466,54,33,4,'h',28);
INSERT INTO "scf" VALUES (467,54,34,4,'i',28);
INSERT INTO "scf" VALUES (468,54,35,4,'j',28);
INSERT INTO "scf" VALUES (469,54,36,4,'k',28);
INSERT INTO "scf" VALUES (470,54,37,4,'l',28);
INSERT INTO "scf" VALUES (471,54,38,4,'m',28);
INSERT INTO "scf" VALUES (491,57,26,4,'disp2',9);
INSERT INTO "scf" VALUES (492,57,27,4,'a4',9);
INSERT INTO "scf" VALUES (493,57,28,4,'a5',9);
INSERT INTO "scf" VALUES (494,57,29,4,'a6',9);
INSERT INTO "scf" VALUES (495,57,30,4,'a7',9);
INSERT INTO "scf" VALUES (496,57,31,4,'a8',9);
INSERT INTO "scf" VALUES (497,57,32,4,'a9',9);
INSERT INTO "scf" VALUES (498,57,33,4,'b1',9);
INSERT INTO "scf" VALUES (499,57,34,4,'b2',9);
INSERT INTO "scf" VALUES (500,57,35,4,'b3',9);
INSERT INTO "scf" VALUES (501,57,36,4,'b4',9);
INSERT INTO "scf" VALUES (502,57,37,4,'b5',9);
INSERT INTO "scf" VALUES (503,57,38,4,'b6',9);
INSERT INTO "scf" VALUES (504,58,26,4,'d',22);
INSERT INTO "scf" VALUES (505,58,27,4,'b7',22);
INSERT INTO "scf" VALUES (506,58,28,4,'b8',22);
INSERT INTO "scf" VALUES (507,58,29,4,'b9',22);
INSERT INTO "scf" VALUES (508,58,30,4,'',22);
INSERT INTO "scf" VALUES (509,58,31,4,'',22);
INSERT INTO "scf" VALUES (510,58,32,4,'',22);
INSERT INTO "scf" VALUES (511,58,33,4,'',22);
INSERT INTO "scf" VALUES (512,58,34,4,'',22);
INSERT INTO "scf" VALUES (513,58,35,4,'',22);
INSERT INTO "scf" VALUES (514,58,36,4,'',22);
INSERT INTO "scf" VALUES (515,58,37,4,'',22);
INSERT INTO "scf" VALUES (516,58,38,4,'',22);
INSERT INTO "scf" VALUES (517,59,26,4,'s',24);
INSERT INTO "scf" VALUES (518,59,27,4,'t',24);
INSERT INTO "scf" VALUES (519,59,28,4,'yyyyrrrrsss',24);
INSERT INTO "scf" VALUES (520,59,29,4,'',24);
INSERT INTO "scf" VALUES (521,59,30,4,'',24);
INSERT INTO "scf" VALUES (522,59,31,4,'',24);
INSERT INTO "scf" VALUES (523,59,32,4,'',24);
INSERT INTO "scf" VALUES (524,59,33,4,'',24);
INSERT INTO "scf" VALUES (525,59,34,4,'',24);
INSERT INTO "scf" VALUES (526,59,35,4,'',24);
INSERT INTO "scf" VALUES (527,59,36,4,'',24);
INSERT INTO "scf" VALUES (528,59,37,4,'',24);
INSERT INTO "scf" VALUES (529,59,38,4,'',24);
INSERT INTO "scf" VALUES (530,60,19,3,'',4);
INSERT INTO "scf" VALUES (531,60,20,3,'d',4);
INSERT INTO "scf" VALUES (532,60,21,3,'',4);
INSERT INTO "scf" VALUES (533,60,22,3,'',4);
INSERT INTO "scf" VALUES (534,60,23,3,'',4);
INSERT INTO "scf" VALUES (535,60,24,3,'',4);
INSERT INTO "scf" VALUES (536,61,39,5,'d',30);
INSERT INTO "scf" VALUES (537,61,40,5,'',30);
INSERT INTO "scf" VALUES (538,61,41,5,'',30);
INSERT INTO "scf" VALUES (539,61,42,5,'',30);
INSERT INTO "scf" VALUES (540,61,43,5,'',30);
INSERT INTO "scf" VALUES (541,61,44,5,'',30);
INSERT INTO "scf" VALUES (542,61,45,5,'',30);
INSERT INTO "scf" VALUES (543,61,46,5,'',30);
INSERT INTO "scf" VALUES (544,61,47,5,'',30);
INSERT INTO "scf" VALUES (545,61,48,5,'',30);
INSERT INTO "scf" VALUES (546,61,49,5,'',30);
INSERT INTO "scf" VALUES (547,61,50,5,'',30);
INSERT INTO "scf" VALUES (548,61,51,5,'',30);
INSERT INTO "scf" VALUES (549,61,52,5,'',30);
INSERT INTO "scf" VALUES (550,61,53,5,'',30);
INSERT INTO "scf" VALUES (551,61,54,5,'',30);
INSERT INTO "scf" VALUES (552,62,19,3,'',32);
INSERT INTO "scf" VALUES (553,62,20,3,'',32);
INSERT INTO "scf" VALUES (554,62,21,3,'',32);
INSERT INTO "scf" VALUES (555,62,22,3,'',32);
INSERT INTO "scf" VALUES (556,62,23,3,'',32);
INSERT INTO "scf" VALUES (557,62,24,3,'',32);
INSERT INTO "scf" VALUES (558,63,26,4,'y',34);
INSERT INTO "scf" VALUES (559,63,27,4,'YES',34);
INSERT INTO "scf" VALUES (560,63,28,4,'Y',34);
INSERT INTO "scf" VALUES (561,63,29,4,'',34);
INSERT INTO "scf" VALUES (562,63,30,4,'',34);
INSERT INTO "scf" VALUES (563,63,31,4,'',34);
INSERT INTO "scf" VALUES (564,63,32,4,'',34);
INSERT INTO "scf" VALUES (565,63,33,4,'',34);
INSERT INTO "scf" VALUES (566,63,34,4,'',34);
INSERT INTO "scf" VALUES (567,63,35,4,'',34);
INSERT INTO "scf" VALUES (568,63,36,4,'',34);
INSERT INTO "scf" VALUES (569,63,37,4,'',34);
INSERT INTO "scf" VALUES (570,63,38,4,'yy',34);
INSERT INTO "scf" VALUES (571,64,2,2,'',37);
INSERT INTO "scf" VALUES (572,64,3,2,'',37);
INSERT INTO "scf" VALUES (573,64,4,2,'',37);
INSERT INTO "scf" VALUES (574,64,5,2,'',37);
INSERT INTO "scf" VALUES (575,64,6,2,'',37);
INSERT INTO "scf" VALUES (576,64,7,2,'',37);
INSERT INTO "scf" VALUES (577,64,8,2,'',37);
INSERT INTO "scf" VALUES (578,64,9,2,'',37);
INSERT INTO "scf" VALUES (579,64,10,2,'',37);
INSERT INTO "scf" VALUES (580,64,11,2,'',37);
INSERT INTO "scf" VALUES (581,64,12,2,'',37);
INSERT INTO "scf" VALUES (582,64,13,2,'',37);
INSERT INTO "scf" VALUES (583,64,14,2,'',37);
INSERT INTO "scf" VALUES (584,64,15,2,'',37);
INSERT INTO "scf" VALUES (585,64,16,2,'',37);
INSERT INTO "scf" VALUES (586,64,17,2,'',37);
INSERT INTO "scf" VALUES (587,64,18,2,'',37);
INSERT INTO "scf" VALUES (588,64,25,2,'',37);
INSERT INTO "scf" VALUES (589,65,2,2,'1111',30);
INSERT INTO "scf" VALUES (590,65,3,2,'',30);
INSERT INTO "scf" VALUES (591,65,4,2,'',30);
INSERT INTO "scf" VALUES (592,65,5,2,'',30);
INSERT INTO "scf" VALUES (593,65,6,2,'',30);
INSERT INTO "scf" VALUES (594,65,7,2,'',30);
INSERT INTO "scf" VALUES (595,65,8,2,'',30);
INSERT INTO "scf" VALUES (596,65,9,2,'',30);
INSERT INTO "scf" VALUES (597,65,10,2,'',30);
INSERT INTO "scf" VALUES (598,65,11,2,'',30);
INSERT INTO "scf" VALUES (599,65,12,2,'',30);
INSERT INTO "scf" VALUES (600,65,13,2,'',30);
INSERT INTO "scf" VALUES (601,65,14,2,'',30);
INSERT INTO "scf" VALUES (602,65,15,2,'',30);
INSERT INTO "scf" VALUES (603,65,16,2,'',30);
INSERT INTO "scf" VALUES (604,65,17,2,'',30);
INSERT INTO "scf" VALUES (605,65,18,2,'',30);
INSERT INTO "scf" VALUES (606,65,25,2,'',30);
INSERT INTO "scf" VALUES (607,66,19,3,'123',7);
INSERT INTO "scf" VALUES (608,66,20,3,'456',7);
INSERT INTO "scf" VALUES (609,66,21,3,'',7);
INSERT INTO "scf" VALUES (610,66,22,3,'',7);
INSERT INTO "scf" VALUES (611,66,23,3,'',7);
INSERT INTO "scf" VALUES (612,66,24,3,'555',7);
INSERT INTO "scf" VALUES (613,67,26,4,'YES',8);
INSERT INTO "scf" VALUES (614,67,27,4,'3',8);
INSERT INTO "scf" VALUES (615,67,28,4,'',8);
INSERT INTO "scf" VALUES (616,67,29,4,'',8);
INSERT INTO "scf" VALUES (617,67,30,4,'',8);
INSERT INTO "scf" VALUES (618,67,31,4,'',8);
INSERT INTO "scf" VALUES (619,67,32,4,'',8);
INSERT INTO "scf" VALUES (620,67,33,4,'',8);
INSERT INTO "scf" VALUES (621,67,34,4,'',8);
INSERT INTO "scf" VALUES (622,67,35,4,'',8);
INSERT INTO "scf" VALUES (623,67,36,4,'',8);
INSERT INTO "scf" VALUES (624,67,37,4,'y',8);
INSERT INTO "scf" VALUES (625,67,38,4,'YES',8);
INSERT INTO "scf" VALUES (626,68,39,5,'djdjjkjjkjjjd',9);
INSERT INTO "scf" VALUES (627,68,40,5,'',9);
INSERT INTO "scf" VALUES (628,68,41,5,'',9);
INSERT INTO "scf" VALUES (629,68,42,5,'',9);
INSERT INTO "scf" VALUES (630,68,43,5,'',9);
INSERT INTO "scf" VALUES (631,68,44,5,'',9);
INSERT INTO "scf" VALUES (632,68,45,5,'',9);
INSERT INTO "scf" VALUES (633,68,46,5,'',9);
INSERT INTO "scf" VALUES (634,68,47,5,'',9);
INSERT INTO "scf" VALUES (635,68,48,5,'',9);
INSERT INTO "scf" VALUES (636,68,49,5,'',9);
INSERT INTO "scf" VALUES (637,68,50,5,'',9);
INSERT INTO "scf" VALUES (638,68,51,5,'',9);
INSERT INTO "scf" VALUES (639,68,52,5,'',9);
INSERT INTO "scf" VALUES (640,68,53,5,'',9);
INSERT INTO "scf" VALUES (641,68,54,5,'040404040aaaa',9);
INSERT INTO "scf" VALUES (648,70,19,3,'',15);
INSERT INTO "scf" VALUES (649,70,20,3,'',15);
INSERT INTO "scf" VALUES (650,70,21,3,'',15);
INSERT INTO "scf" VALUES (651,70,22,3,'',15);
INSERT INTO "scf" VALUES (652,70,23,3,'',15);
INSERT INTO "scf" VALUES (653,70,24,3,'',15);
INSERT INTO "scf" VALUES (654,71,2,2,'22222000000',1);
INSERT INTO "scf" VALUES (655,71,3,2,'',1);
INSERT INTO "scf" VALUES (656,71,4,2,'',1);
INSERT INTO "scf" VALUES (657,71,5,2,'',1);
INSERT INTO "scf" VALUES (658,71,6,2,'',1);
INSERT INTO "scf" VALUES (659,71,7,2,'',1);
INSERT INTO "scf" VALUES (660,71,8,2,'',1);
INSERT INTO "scf" VALUES (661,71,9,2,'',1);
INSERT INTO "scf" VALUES (662,71,10,2,'',1);
INSERT INTO "scf" VALUES (663,71,11,2,'',1);
INSERT INTO "scf" VALUES (664,71,12,2,'',1);
INSERT INTO "scf" VALUES (665,71,13,2,'',1);
INSERT INTO "scf" VALUES (666,71,14,2,'',1);
INSERT INTO "scf" VALUES (667,71,15,2,'',1);
INSERT INTO "scf" VALUES (668,71,16,2,'',1);
INSERT INTO "scf" VALUES (669,71,17,2,'',1);
INSERT INTO "scf" VALUES (670,71,18,2,'',1);
INSERT INTO "scf" VALUES (671,71,25,2,'',1);
INSERT INTO "scf" VALUES (672,72,19,3,'',1);
INSERT INTO "scf" VALUES (673,72,20,3,'',1);
INSERT INTO "scf" VALUES (674,72,21,3,'',1);
INSERT INTO "scf" VALUES (675,72,22,3,'',1);
INSERT INTO "scf" VALUES (676,72,23,3,'',1);
INSERT INTO "scf" VALUES (677,72,24,3,'',1);
INSERT INTO "pdfchunks" VALUES (0,'/DeviceRGB cs 0.870588 0.901961 0.937255 scn /DeviceGray CS 0 SCN 1 i q 1 0 0 -1 0 792 cm 35.625 286.74 539.25 14.52 re
f
Q q 1 0 0 -1 0 792 cm 35.6889 331.141 539.422 14.52 re
f
Q BT
/DeviceRGB cs 0 0 0 scn /DeviceRGB CS 0 0 0 SCN 1 j 0.099996 w /FXF1 1 Tf 11.977 0 0 12 0 0 Tm 4.87266 56.0835 TD[(The Generic Repair Company Inc.)]TJ
0 -1.15001 TD[(123 RepairCo Court.)]TJ
0 -1.15001 TD[(Denver CO 80123)]TJ
0 -1.15001 TD[(USA)]TJ
0 -1.15001 TD[(Phone: 303-555-5555              FAX: 303-555-5556)]TJ
0 -1.15001 TD[(Email: repairs@genericrepairs.com)]TJ
0 -1.15001 TD[(Website: www.genericrepairs.com)]TJ
ET
q 1 0 0 1 0 792 cm 189 -252.602 m
189 -280.922 l
S
Q BT
11.977 0 0 12 0 0 Tm 3.36978 43.9068 TD[(REASON FOR CALL:)]TJ
0 -1.06668 TD[(REPORTED BY:)]TJ
ET
q 1 0 0 1 0 792 cm 36 -301.238 m
574.5 -301.5 l
S
Q BT
11.9771 0 0 12 0 0 Tm 3.45326 41.0533 TD[(SYSTEM ID:)]TJ
29.6408 0 TD[(SERIAL NUMBER:)]TJ
11.977 0 0 12 0 0 Tm 3.45328 37.4601 TD[(DATE)]TJ
36.8739 0 TD[(TRAVEL  TIME)]TJ
-37.3113 -35.7601 TD[(Thank you for choosing our company)]TJ
ET
/DeviceRGB CS 0.203922 0.396078 0.643137 SCN 0 j 0.12 w q 1 0 0 1 0 792 cm 36 -759.719 m
576 -759.719 l
S
Q q 1 0 0 1 0 792 cm 348 -81 m
348 -231 l
S
Q /DeviceRGB cs 0.6 0.6 0.6 scn q 1 0 0 -1 0 792 cm 57.602 63.84 m
36 63.84 l
36 18.121 l
79.32 18.121 l
79.32 63.84 l
57.602 63.84 l
f*
Q BT
/DeviceRGB cs 0 0 0 scn 15.3304 0 0 15.36 0 0 Tm 5.87067 48.5548 TD[(GENERIC)]TJ
0.978447 -0.88282 TD[(COMPANY)]TJ
-1.52638 1.76563 TD[(THE)]TJ
/DeviceRGB cs 1 1 1 scn /DeviceGray CS 0 SCN 1 w 39.285 0 0 39.36 0 0 Tm 1 i 1.063 18.6921 TD[(G)]TJ
ET
1 i 35.25 720 540.0 -167.25 re
S
35.25 539.75 540.0 -28.5 re
S
35.25 505 540 -28.5 re
S
35.25 461.468 540.0 -419.153 re
S
BT
/DeviceRGB cs 0 0 0 scn /DeviceRGB CS 0 0 0 SCN 1 j 0.099996 w 11.9771 0 0 12 0 0 Tm 1 i 17.8975 41.0533 TD[(EQUIPMENT:)]TJ
11.977 0 0 12 0 0 Tm 1 i 10.1327 37.4601 TD[(WORK PERFORMED)]TJ
1 i 33.7949 -35.7601 TD[(Page: XX)]TJ
/FXF1 12 Tf 1 0 0 1 0 0 Tm 1 i 508 444 TD[( )]TJ
ET
');
INSERT INTO "pdfchunks" VALUES (1,'/DeviceRGB cs 0.870588 0.901961 0.937255 scn /DeviceGray CS 0 SCN 1 i q 1 0 0 -1 0 792 cm 306.968 32.8802 m
574.99 32.799 l
574.99 47.319 l
35.3449 46.9194 l
35.8291 32.3961 l
306.968 32.8802 l h
f
Q BT
/DeviceRGB cs 0 0 0 scn /DeviceRGB CS 0 0 0 SCN 1 j 0.099996 w /FXF1 1 Tf 11.977 0 0 12 0 0 Tm 3.45328 62.3215 TD[(DATEddd)]TJ
36.8739 0 TD[(TRAVEL  TIME)]TJ
-37.3113 -60.6215 TD[(Thank you for choosing our company)]TJ
ET
/DeviceRGB CS 0.203922 0.396078 0.643137 SCN 0 j 0.12 w q 1 0 0 1 0 792 cm 36 -759.719 m
576 -759.719 l
S
Q BT
/DeviceRGB CS 0 0 0 SCN 1 j 0.099996 w 11.977 0 0 12 0 0 Tm 1 i 10.1327 62.3215 TD[(WORK PERFORMED)]TJ
1 i 33.7949 -60.6215 TD[(Page: XX)]TJ
/FXF1 12 Tf 1 0 0 1 0 0 Tm 1 i 547 732 TD[( )]TJ
ET
0 j 1 w 1 i 574.483 41.0667 -540.483 719.253 re
S');
INSERT INTO "pdfchunks" VALUES (2,'BT
/DeviceRGB cs 0 0 0 scn /DeviceRGB CS 0 0 0 SCN 1 j 0.099996 w /FXF1 1 Tf 11.977 0 0 12 0 0 Tm 1 i 43.9276 1.7 TD[(Page: 1)]TJ
ET
/DeviceRGB cs 0.870588 0.901961 0.937255 scn /DeviceGray CS 0 SCN 0 j 1 w 1 i q 1 0 0 -1 0 792 cm 35.3695 226.668 540.189 17.6834 re
f
Q 1 i q 1 0 0 -1 0 792 cm 35.6889 247.141 539.422 14.52 re
f
Q BT
/DeviceRGB cs 0 0 0 scn /DeviceRGB CS 0 0 0 SCN 1 j 0.099996 w 11.977 0 0 12 0 0 Tm 3.0159 1.69994 TD[(Thank you for choosing our company)]TJ
ET
/DeviceRGB CS 0.203922 0.396078 0.643137 SCN 0 j 0.12 w q 1 0 0 1 0 792 cm 36 -759.719 m
576 -759.719 l
S
Q /DeviceRGB cs 0.6 0.6 0.6 scn q 1 0 0 -1 0 792 cm 57.602 63.84 m
36 63.84 l
36 18.121 l
79.32 18.121 l
79.32 63.84 l
57.602 63.84 l
f*
Q BT
/DeviceRGB cs 0 0 0 scn 15.3304 0 0 15.36 0 0 Tm 5.87067 48.5548 TD[(GENERIC)]TJ
0.978447 -0.88282 TD[(COMPANY)]TJ
-1.52638 1.76563 TD[(THE)]TJ
/DeviceRGB cs 1 1 1 scn /DeviceGray CS 0 SCN 1 w 39.285 0 0 39.36 0 0 Tm 1 i 1.063 18.6921 TD[(G)]TJ
ET
1 i 35.3695 720.195 539.653 -131.821 re
S
35.3696 564.26 539.653 -15.5399 re
S
35.3502 544.914 539.09 -501.894 re
S
1 i 448 746.75 127.25 -21 re
S
BT
/DeviceRGB cs 0 0 0 scn /DeviceRGB CS 0 0 0 SCN 1 j 0.099996 w 11.977 0 0 12 0 0 Tm 1 i 3.36978 45.9901 TD[(REASON FOR QUOTE:)]TJ
1 i 27.9285 17.9934 TD[(P: 303-555-5555  F: 303-555-5556)]TJ
-15.655 -3.41249 TD[(USA       www.genericrepairs.com)]TJ
0.00002 3.45 TD[(The Generic Repair Company Inc.)]TJ
0 -1.15003 TD[(123 RepairCo Court.)]TJ
0 -1.15001 TD[(Denver CO 80123)]TJ
15.655 1.11246 TD[(Email: repairs@genericrepairs.com)]TJ
-27.845 -18.3734 TD[(QTY)]TJ
39.2952 0 TD[(PRICE)]TJ
1 i -32.6158 0.000053 TD[(DESCRIPTION)]TJ
/FXF1 12 Tf 1 0 0 1 0 0 Tm 1 i 172 552 TD[(New door quote)]TJ
ET
/DeviceRGB CS 0.203922 0.396078 0.643137 SCN 0 j 0.12 w 1 i q 1 0 0 1 0 792 cm 296.25 -80.25 m
296.25 -193.5 l
S
Q 
BT
/DeviceRGB cs 0 0 0 scn /DeviceRGB CS 0 0 0 SCN 1 j 0.099996 w /FXF1 1 Tf 11.977 0 0 12 0 0 Tm 1 i 3.36978 45.9901 TD[(REASON FOR QUOTE:)]TJ
1 i 27.9285 17.9934 TD[(P: 303-555-5555  F: 303-555-5556)]TJ
-15.655 -3.41249 TD[(USA       www.genericrepairs.com)]TJ
0.00002 3.45 TD[(The Generic Repair Company Inc.)]TJ
0 -1.15003 TD[(123 RepairCo Court.)]TJ
0 -1.15001 TD[(Denver CO 80123)]TJ
15.655 1.11246 TD[(Email: repairs@genericrepairs.com)]TJ
-27.845 -18.3734 TD[(QTY)]TJ
39.2952 0 TD[(PRICE)]TJ
1 i -32.6158 0.00005 TD[(DESCRIPTION)]TJ
/FXF1 12 Tf 1 0 0 1 0 0 Tm 1 i 172 552 TD[(New door quote)]TJ
1 i 336 -6 TD[(  )]TJ
1 i 35 -42 TD[( )]TJ
1 i 0 -96 TD[( )]TJ
1 i 0 -12 TD[( )]TJ
1 i 0 -12 TD[( )]TJ
1 i 0 -12 TD[( )]TJ
1 i 0 -12 TD[( )]TJ
ET');
INSERT INTO "pdfchunks" VALUES (3,'BT
/DeviceRGB cs 0 0 0 scn /DeviceRGB CS 0 0 0 SCN 1 j 0.099996 w /FXF1 1 Tf 11.977 0 0 12 0 0 Tm 1 i 43.9276 1.7 TD[(Page: XX)]TJ
ET
/DeviceRGB cs 0.870588 0.901961 0.937255 scn /DeviceGray CS 0 SCN 0 j 1 w 1 i q 1 0 0 -1 0 792 cm 35.6889 72.3443 539.422 14.52 re
f
Q BT
/DeviceRGB cs 0 0 0 scn /DeviceRGB CS 0 0 0 SCN 1 j 0.099996 w 11.977 0 0 12 0 0 Tm 3.0159 1.69994 TD[(Thank you for choosing our company)]TJ
ET
/DeviceRGB CS 0.203922 0.396078 0.643137 SCN 0 j 0.12 w q 1 0 0 1 0 792 cm 36 -759.719 m
576 -759.719 l
S
Q /DeviceRGB cs 0.6 0.6 0.6 scn q 1 0 0 -1 0 792 cm 57.602 63.84 m
36 63.84 l
36 18.121 l
79.32 18.121 l
79.32 63.84 l
57.602 63.84 l
f*
Q BT
/DeviceRGB cs 0 0 0 scn 15.3304 0 0 15.36 0 0 Tm 5.87067 48.5548 TD[(GENERIC)]TJ
0.978447 -0.88282 TD[(COMPANY)]TJ
-1.52638 1.76563 TD[(THE)]TJ
/DeviceRGB cs 1 1 1 scn /DeviceGray CS 0 SCN 1 w 39.285 0 0 39.36 0 0 Tm 1 i 1.063 18.6921 TD[(G)]TJ
ET
1 i 34.5 721.5 540 -676.5 re
S
1 i 468 746.75 107.25 -21 re
S
BT
/DeviceRGB cs 0 0 0 scn /DeviceRGB CS 0 0 0 SCN 1 j 0.099996 w /FXF1 1 Tf 11.977 0 0 12 0 0 Tm 1 i 31.2983 63.9835 TD[(P: 303-555-5555  F: 303-555-5556)]TJ
-15.655 -3.41249 TD[(USA       www.genericrepairs.com)]TJ
0.000022 3.45 TD[(The Generic Repair Company Inc.)]TJ
0 -1.15003 TD[(123 RepairCo Court.)]TJ
0 -1.15001 TD[(Denver CO 80123)]TJ
15.655 1.11246 TD[(Email: repairs@genericrepairs.com)]TJ
-27.845 -3.80697 TD[(QTY)]TJ
39.2952 0 TD[(PRICE)]TJ
1 i -32.6158 0.000042 TD[(DESCRIPTION)]TJ
ET');
INSERT INTO "pdfchunks" VALUES (4,'BT
/DeviceRGB cs 0 0 0 scn /DeviceRGB CS 0 0 0 SCN 1 j 0.099996 w /FXF1 1 Tf 11.977 0 0 12 0 0 Tm 1 i 43.9276 1.7 TD[(Page: XX)]TJ
ET
/DeviceRGB cs 0.870588 0.901961 0.937255 scn /DeviceGray CS 0 SCN 0 j 1 w 1 i q 1 0 0 -1 0 792 cm 35.6889 247.141 539.422 14.52 re
f
Q BT
/DeviceRGB cs 0 0 0 scn /DeviceRGB CS 0 0 0 SCN 1 j 0.099996 w 11.977 0 0 12 0 0 Tm 1 i 42.7485 44.46 TD[(ITEM)]TJ
ET
/DeviceRGB cs 0.870588 0.901961 0.937255 scn /DeviceGray CS 0 SCN 0 j 1 w 1 i q 1 0 0 -1 0 792 cm 35.3695 226.668 540.189 17.6834 re
f
Q BT
/DeviceRGB cs 0 0 0 scn /DeviceRGB CS 0 0 0 SCN 1 j 0.099996 w 11.977 0 0 12 0 0 Tm 1 i 3.0159 1.69994 TD[(Thank you for choosing our company)]TJ
ET
/DeviceRGB CS 0.203922 0.396078 0.643137 SCN 0 j 0.12 w q 1 0 0 1 0 792 cm 36 -759.719 m
576 -759.719 l
S
Q /DeviceRGB cs 0.6 0.6 0.6 scn q 1 0 0 -1 0 792 cm 57.602 63.84 m
36 63.84 l
36 18.121 l
79.32 18.121 l
79.32 63.84 l
57.602 63.84 l
f*
Q BT
/DeviceRGB cs 0 0 0 scn 15.3304 0 0 15.36 0 0 Tm 5.87067 48.5548 TD[(GENERIC)]TJ
0.978447 -0.88282 TD[(COMPANY)]TJ
-1.52638 1.76563 TD[(THE)]TJ
/DeviceRGB cs 1 1 1 scn /DeviceGray CS 0 SCN 1 w 39.285 0 0 39.36 0 0 Tm 1 i 1.063 18.6921 TD[(G)]TJ
ET
1 i 35.3695 720.195 539.653 -131.821 re
S
35.3696 564.26 539.653 -15.5399 re
S
35.3502 544.914 539.09 -501.894 re
S
1 i 448 746.75 127.25 -21 re
S
BT
/DeviceRGB cs 0 0 0 scn /DeviceRGB CS 0 0 0 SCN 1 j 0.099996 w 11.977 0 0 12 0 0 Tm 1 i 3.36978 45.9901 TD[()]TJ
1 i 27.9285 17.9934 TD[(P: 303-555-5555  F: 303-555-5556)]TJ
-15.655 -3.41249 TD[(USA       www.genericrepairs.com)]TJ
0.00002 3.45 TD[(The Generic Repair Company Inc.)]TJ
0 -1.15003 TD[(123 RepairCo Court.)]TJ
0 -1.15001 TD[(Denver CO 80123)]TJ
15.655 1.11246 TD[(Email: repairs@genericrepairs.com)]TJ
ET
/DeviceRGB CS 0.203922 0.396078 0.643137 SCN 0 j 0.12 w 1 i q 1 0 0 1 0 792 cm 296.25 -80.25 m
296.25 -193.5 l
S
Q BT
/DeviceRGB CS 0 0 0 SCN 1 j 0.099996 w 11.977 0 0 12 0 0 Tm 1 i 38.1866 44.46 TD[(QTY)]TJ
1 i -34.8168 0.000057 TD[(DESCRIPTION)]TJ
ET
');
INSERT INTO "pdfchunks" VALUES (5,'/DeviceRGB cs 0.870588 0.901961 0.937255 scn /DeviceGray CS 0 SCN 1 i q 1 0 0 -1 0 792 cm 35.6889 31.141 539.422 14.52 re
f
Q BT
/DeviceRGB cs 0 0 0 scn /DeviceRGB CS 0 0 0 SCN 1 j 0.099996 w /FXF1 1 Tf 11.977 0 0 12 0 0 Tm 1 i 43.9276 1.7 TD[(Page: XX)]TJ
1 i -1.1791 60.76 TD[(ITEM)]TJ
1 i -39.7326 -60.7601 TD[(Thank you for choosing our company)]TJ
ET
/DeviceRGB CS 0.203922 0.396078 0.643137 SCN 0 j 0.12 w q 1 0 0 1 0 792 cm 36 -759.719 m
576 -759.719 l
S
Q BT
/DeviceRGB CS 0 0 0 SCN 1 j 0.099996 w 11.977 0 0 12 0 0 Tm 1 i 38.1866 62.46 TD[(QTY)]TJ
1 i -34.8168 0.000057 TD[(DESCRIPTION)]TJ
ET
0 j 1 w 1 i 575.483 42.0667 -540.483 719.253 re
S');
INSERT INTO "formfieldtitle" VALUES (2,'Computer',0);
INSERT INTO "formfieldtitle" VALUES (3,'Make Toast',0);
INSERT INTO "formfieldtitle" VALUES (4,'Preflight Check',0);
INSERT INTO "formfieldtitle" VALUES (5,'Raylor G503 Shake / Softserver Freezer',0);
INSERT INTO "formfields" VALUES (2,2,'System ID');
INSERT INTO "formfields" VALUES (3,2,'Name');
INSERT INTO "formfields" VALUES (4,2,'IP Address');
INSERT INTO "formfields" VALUES (5,2,'Subnet Mask');
INSERT INTO "formfields" VALUES (6,2,'Gateway');
INSERT INTO "formfields" VALUES (7,2,'DNS1');
INSERT INTO "formfields" VALUES (8,2,'DNS2');
INSERT INTO "formfields" VALUES (9,2,'Clean Heatsink');
INSERT INTO "formfields" VALUES (10,2,'Scandisk');
INSERT INTO "formfields" VALUES (11,2,'Defragment');
INSERT INTO "formfields" VALUES (12,2,'Disk Cleanup');
INSERT INTO "formfields" VALUES (13,2,'Clear Cache');
INSERT INTO "formfields" VALUES (14,2,'Wipe Screen');
INSERT INTO "formfields" VALUES (15,2,'Create Backup');
INSERT INTO "formfields" VALUES (16,2,'Virus Scan');
INSERT INTO "formfields" VALUES (17,2,'HDD Hours');
INSERT INTO "formfields" VALUES (18,2,'Notes');
INSERT INTO "formfields" VALUES (19,3,'Take Bread slices out');
INSERT INTO "formfields" VALUES (20,3,'Place 2 slices in the toaster');
INSERT INTO "formfields" VALUES (21,3,'Pull down the lever');
INSERT INTO "formfields" VALUES (22,3,'Wait until the toast pops up');
INSERT INTO "formfields" VALUES (23,3,'Butter toast');
INSERT INTO "formfields" VALUES (24,3,'Eat toast');
INSERT INTO "formfields" VALUES (25,2,'Additional Info');
INSERT INTO "formfields" VALUES (26,4,'All crew onboard');
INSERT INTO "formfields" VALUES (27,4,'Notified Passengers');
INSERT INTO "formfields" VALUES (28,4,'Locked doors');
INSERT INTO "formfields" VALUES (29,4,'Cleared with Tower');
INSERT INTO "formfields" VALUES (30,4,'Fueled up');
INSERT INTO "formfields" VALUES (31,4,'Taxi to runway');
INSERT INTO "formfields" VALUES (32,4,'Breaks on');
INSERT INTO "formfields" VALUES (33,4,'Engine on');
INSERT INTO "formfields" VALUES (34,4,'Engine to speed');
INSERT INTO "formfields" VALUES (35,4,'Brakes off');
INSERT INTO "formfields" VALUES (36,4,'Pull up throttle');
INSERT INTO "formfields" VALUES (37,4,'Airborne');
INSERT INTO "formfields" VALUES (38,4,'Radio Tower');
INSERT INTO "formfields" VALUES (39,5,'Site Name');
INSERT INTO "formfields" VALUES (40,5,'Align Actuator Plate');
INSERT INTO "formfields" VALUES (41,5,'Turn topping heaters off');
INSERT INTO "formfields" VALUES (42,5,'Turn off Auto Mode');
INSERT INTO "formfields" VALUES (43,5,'Remove cup holder');
INSERT INTO "formfields" VALUES (44,5,'Remove hopper cover');
INSERT INTO "formfields" VALUES (45,5,'Remove agitator');
INSERT INTO "formfields" VALUES (46,5,'Hold pump and wash');
INSERT INTO "formfields" VALUES (47,5,'Hold wash and pump');
INSERT INTO "formfields" VALUES (48,5,'Discard waste');
INSERT INTO "formfields" VALUES (49,5,'Open syrup valves');
INSERT INTO "formfields" VALUES (50,5,'Rinse in sink');
INSERT INTO "formfields" VALUES (51,5,'Rinse hopper');
INSERT INTO "formfields" VALUES (52,5,'Turn on Wash mode');
INSERT INTO "formfields" VALUES (53,5,'Pour Sanitizer in');
INSERT INTO "formfields" VALUES (54,5,'Activate wash mode');
INSERT INTO "costs" VALUES (1,'-5%','5% Discount',-0.05,0);
INSERT INTO "costs" VALUES (2,'-10%','10% Discount',-0.1,0);
INSERT INTO "costs" VALUES (3,'-15%','15% Discount',-0.15,0);
INSERT INTO "costs" VALUES (4,'-20%','20% Discount',-0.2,0);
INSERT INTO "costs" VALUES (5,'-25%','25% Discount',-0.25,0);
INSERT INTO "costs" VALUES (6,'-30%','30% Discount',-0.3,0);
INSERT INTO "costs" VALUES (7,'-50%','50% Discount',-0.5,0);
INSERT INTO "costs" VALUES (8,'-75%','75% Discount',-0.75,0);
INSERT INTO "terms" VALUES (1,'term title','term desc',0);
INSERT INTO "terms" VALUES (2,'term 02','',0);
INSERT INTO "terms" VALUES (3,'term03','',0);
INSERT INTO "terms" VALUES (4,'title 4','1234
5678
9101112
ABCD
321',0);
INSERT INTO "terms" VALUES (5,'title5','abcd
efgh
ijklm
nopw
xyz',0);
INSERT INTO "terms" VALUES (6,'t06','- All prices are subject to applicable taxes.
- Valid while quantities last.
- This quotation is valid for 30 days.
- A deposit of 50% of the total selling price is required to place order.
- 50% of the total selling price due on delivery/installation plus applicable taxes.
- Delivery: typically, 6 to 8 weeks from order date.
- Price includes delivery to site, if applicable.
- Price includes installation, if applicable.
- Room must be completed per agreed upon checklist/drawings 24 hours prior to installation.
- Internet and network setup including equipment are the responsibility of the customer.
- It is the responsibility of the customer to provide any necessary electrical power, ductwork, steel support, area lighting, outlets and switches, cabinets, plumbing, area heating or air conditioning, flooring, booth area with lead glass, and lead walls, etc.
- The customer is responsible for meeting MOH regulations.
- Warranty does not cover consumables, software and equipment abuse, misuse, or other causes beyond the control of the seller or manufacture.
- All equipment remains the property of seller until the final invoice is paid in full.
- Deposit Cheque is non refundable',0);
INSERT INTO "type" VALUES (0,'TYPE NOT SET',0,0,0,0,0);
INSERT INTO "type" VALUES (1,'Commercial Gas Stove',2,3,'CGS01',0,0);
INSERT INTO "type" VALUES (2,'Lamp Post',1,1,'LP01',0,0);
INSERT INTO "type" VALUES (3,'Zeroturn Rider',1,1,0,0,0);
INSERT INTO "type" VALUES (4,'Front Mount Tractor',1,1,0,0,0);
INSERT INTO "type" VALUES (5,'Collection System',1,1,0,0,0);
INSERT INTO "type" VALUES (6,'3 Bag, 10 Bushel Bagger',1,1,0,0,0);
INSERT INTO "type" VALUES (7,'72" Cutting Width, Fabricated Rear Discharge Deck',29.95,10.5,0,0,0);
INSERT INTO "type" VALUES (8,'Grass Catcher - Low Dump, Hopper Style  F90 Series',1,1,0,0,0);
INSERT INTO "type" VALUES (9,'Boot Kit For Rck60p-F36 Deck',1,1,0,0,0);
INSERT INTO "type" VALUES (10,'Hydraulic Valve, Single',1,1,0,0,0);
INSERT INTO "type" VALUES (11,'Second Auxiliary Hydraulic Valve Kit',1,1,0,0,0);
INSERT INTO "type" VALUES (12,'Deluxe Hard Cab Standard Features',1,1,0,0,0);
INSERT INTO "type" VALUES (13,'Cab Sealing Kit For F5206 Cab',1,1,0,0,0);
INSERT INTO "type" VALUES (14,'Adapter Kit - Grass Catcher Control Mount',1,1,0,0,0);
INSERT INTO "type" VALUES (15,'Roof Mounted Led Strobe Light Kit',1,1,0,0,0);
INSERT INTO "type" VALUES (16,'Interior Rearview Mirror',1,1,0,0,0);
INSERT INTO "type" VALUES (17,'60" Rotary Sweeper',1,1,0,0,0);
INSERT INTO "type" VALUES (18,'Utility Vehicle Base Model',1,1,0,0,0);
INSERT INTO "type" VALUES (19,'48" Two Stage Commercial Snow Blower',1,1,0,0,0);
INSERT INTO "type" VALUES (20,'4wd Compact Tractor -  2 Post Foldable Rops',1,1,0,0,0);
INSERT INTO "type" VALUES (21,'60" Rotary Sweeper - Hyd. Angle, 21.5" Wafer',1,1,0,0,0);
INSERT INTO "type" VALUES (22,'74" Two-Stage Utility Snowblower For All Grand L60 Models',1,1,0,0,0);
INSERT INTO "type" VALUES (23,'Skid Steer Loader Basic Unit',1,1,0,0,0);
INSERT INTO "type" VALUES (24,'Excavator Basic Unit',1,1,0,0,0);
INSERT INTO "type" VALUES (25,'0',1,1,0,0,0);
INSERT INTO "type" VALUES (26,'Chiller',1,1,0,0,0);
INSERT INTO "type" VALUES (27,'Torch',1,1,0,0,0);
INSERT INTO "type" VALUES (28,'Flashlight',1,1,0,0,0);
INSERT INTO "type" VALUES (29,'Excavator',1,1,0,0,0);
INSERT INTO "type" VALUES (30,'Skidsteer',1,1,0,0,0);
INSERT INTO "type" VALUES (31,'Backpack',1,1,0,0,0);
INSERT INTO "salestaxes" VALUES (1,'US','AL','Sales Tax',0.0922);
INSERT INTO "salestaxes" VALUES (2,'US','AK','Sales Tax',0.0176);
INSERT INTO "salestaxes" VALUES (3,'US','AZ','Sales Tax',0.084);
INSERT INTO "salestaxes" VALUES (4,'US','AR','Sales Tax',0.0951);
INSERT INTO "salestaxes" VALUES (5,'US','CA','Sales Tax',0.0868);
INSERT INTO "salestaxes" VALUES (6,'US','CO','Sales Tax',0.0772);
INSERT INTO "salestaxes" VALUES (7,'US','CT','Sales Tax',0.0635);
INSERT INTO "salestaxes" VALUES (8,'US','DE','Sales Tax',0);
INSERT INTO "salestaxes" VALUES (9,'US','DC','Sales Tax',0.06);
INSERT INTO "salestaxes" VALUES (10,'US','FL','Sales Tax',0.0708);
INSERT INTO "salestaxes" VALUES (11,'US','GA','Sales Tax',0.0732);
INSERT INTO "salestaxes" VALUES (12,'US','HI','Sales Tax',0.0444);
INSERT INTO "salestaxes" VALUES (13,'US','ID','Sales Tax',0.0603);
INSERT INTO "salestaxes" VALUES (14,'US','IL','Sales Tax',0.0882);
INSERT INTO "salestaxes" VALUES (15,'US','IN','Sales Tax',0.07);
INSERT INTO "salestaxes" VALUES (16,'US','IA','Sales Tax',0.0694);
INSERT INTO "salestaxes" VALUES (17,'US','KS','Sales Tax',0.0869);
INSERT INTO "salestaxes" VALUES (18,'US','KY','Sales Tax',0.06);
INSERT INTO "salestaxes" VALUES (19,'US','LA','Sales Tax',0.0952);
INSERT INTO "salestaxes" VALUES (20,'US','ME','Sales Tax',0.055);
INSERT INTO "salestaxes" VALUES (21,'US','MD','Sales Tax',0.06);
INSERT INTO "salestaxes" VALUES (22,'US','MA','Sales Tax',0.0625);
INSERT INTO "salestaxes" VALUES (23,'US','MI','Sales Tax',0.06);
INSERT INTO "salestaxes" VALUES (24,'US','MN','Sales Tax',0.0746);
INSERT INTO "salestaxes" VALUES (25,'US','MS','Sales Tax',0.0707);
INSERT INTO "salestaxes" VALUES (26,'US','MO','Sales Tax',0.0825);
INSERT INTO "salestaxes" VALUES (27,'US','MT','Sales Tax',0);
INSERT INTO "salestaxes" VALUES (28,'US','NE','Sales Tax',0.0694);
INSERT INTO "salestaxes" VALUES (29,'US','NV','Sales Tax',0.0823);
INSERT INTO "salestaxes" VALUES (30,'US','NH','Sales Tax',0);
INSERT INTO "salestaxes" VALUES (31,'US','NJ','Sales Tax',0.066);
INSERT INTO "salestaxes" VALUES (32,'US','NM','Sales Tax',0.0783);
INSERT INTO "salestaxes" VALUES (33,'US','NY','Sales Tax',0.0852);
INSERT INTO "salestaxes" VALUES (34,'US','NC','Sales Tax',0.0698);
INSERT INTO "salestaxes" VALUES (35,'US','ND','Sales Tax',0.0696);
INSERT INTO "salestaxes" VALUES (36,'US','OH','Sales Tax',0.0723);
INSERT INTO "salestaxes" VALUES (37,'US','OK','Sales Tax',0.0895);
INSERT INTO "salestaxes" VALUES (38,'US','OR','Sales Tax',0);
INSERT INTO "salestaxes" VALUES (39,'US','PA','Sales Tax',0.0634);
INSERT INTO "salestaxes" VALUES (40,'US','RI','Sales Tax',0.07);
INSERT INTO "salestaxes" VALUES (41,'US','SC','Sales Tax',0.0746);
INSERT INTO "salestaxes" VALUES (42,'US','SD','Sales Tax',0.064);
INSERT INTO "salestaxes" VALUES (43,'US','TN','Sales Tax',0.0955);
INSERT INTO "salestaxes" VALUES (44,'US','TX','Sales Tax',0.0819);
INSERT INTO "salestaxes" VALUES (45,'US','UT','Sales Tax',0.0719);
INSERT INTO "salestaxes" VALUES (46,'US','VT','Sales Tax',0.0624);
INSERT INTO "salestaxes" VALUES (47,'US','VA','Sales Tax',0.0573);
INSERT INTO "salestaxes" VALUES (48,'US','WA','Sales Tax',0.0923);
INSERT INTO "salestaxes" VALUES (49,'US','WV','Sales Tax',0.065);
INSERT INTO "salestaxes" VALUES (50,'US','WI','Sales Tax',0.0543);
INSERT INTO "salestaxes" VALUES (51,'US','WY','Sales Tax',0.0533);
INSERT INTO "salestaxes" VALUES (52,'CA','AB','GST',0.05);
INSERT INTO "salestaxes" VALUES (53,'CA','BC','PST',0.07);
INSERT INTO "salestaxes" VALUES (54,'CA','BC','GST',0.05);
INSERT INTO "salestaxes" VALUES (55,'CA','MB','PST',0.07);
INSERT INTO "salestaxes" VALUES (56,'CA','MB','GST',0.05);
INSERT INTO "salestaxes" VALUES (57,'CA','NB','HST',0.15);
INSERT INTO "salestaxes" VALUES (58,'CA','NL','HST',0.15);
INSERT INTO "salestaxes" VALUES (59,'CA','NT','GST',0.05);
INSERT INTO "salestaxes" VALUES (60,'CA','NS','HST',0.15);
INSERT INTO "salestaxes" VALUES (61,'CA','NU','GST',0.05);
INSERT INTO "salestaxes" VALUES (62,'CA','ON','HST',0.13);
INSERT INTO "salestaxes" VALUES (63,'CA','PE','HST',0.15);
INSERT INTO "salestaxes" VALUES (64,'CA','QC','QST',0.09975);
INSERT INTO "salestaxes" VALUES (65,'CA','QC','GST',0.05);
INSERT INTO "salestaxes" VALUES (66,'CA','SK','PST',0.06);
INSERT INTO "salestaxes" VALUES (67,'CA','YT','GST',0.05);
INSERT INTO "salestaxes" VALUES (68,'AT','','VAT',0.2);
INSERT INTO "salestaxes" VALUES (69,'BE','','VAT',0.21);
INSERT INTO "salestaxes" VALUES (70,'BG','','VAT',0.2);
INSERT INTO "salestaxes" VALUES (71,'CY','','VAT',0.19);
INSERT INTO "salestaxes" VALUES (72,'CZ','','VAT',0.21);
INSERT INTO "salestaxes" VALUES (73,'DE','','VAT',0.19);
INSERT INTO "salestaxes" VALUES (74,'DK','','VAT',0.25);
INSERT INTO "salestaxes" VALUES (75,'EE','','VAT',0.2);
INSERT INTO "salestaxes" VALUES (76,'EL','','VAT',0.24);
INSERT INTO "salestaxes" VALUES (77,'ES','','VAT',0.21);
INSERT INTO "salestaxes" VALUES (78,'FI','','VAT',0.24);
INSERT INTO "salestaxes" VALUES (79,'FR','','VAT',0.2);
INSERT INTO "salestaxes" VALUES (80,'HR','','VAT',0.25);
INSERT INTO "salestaxes" VALUES (81,'HU','','VAT',0.27);
INSERT INTO "salestaxes" VALUES (82,'IE','','VAT',0.23);
INSERT INTO "salestaxes" VALUES (83,'IL','','VAT',0.17);
INSERT INTO "salestaxes" VALUES (84,'IT','','VAT',0.22);
INSERT INTO "salestaxes" VALUES (85,'LT','','VAT',0.21);
INSERT INTO "salestaxes" VALUES (86,'LU','','VAT',0.17);
INSERT INTO "salestaxes" VALUES (87,'LV','','VAT',0.21);
INSERT INTO "salestaxes" VALUES (88,'MT','','VAT',0.18);
INSERT INTO "salestaxes" VALUES (89,'NL','','VAT',0.21);
INSERT INTO "salestaxes" VALUES (90,'PL','','VAT',0.23);
INSERT INTO "salestaxes" VALUES (91,'PT','','VAT',0.23);
INSERT INTO "salestaxes" VALUES (92,'RO','','VAT',0.19);
INSERT INTO "salestaxes" VALUES (93,'SE','','VAT',0.25);
INSERT INTO "salestaxes" VALUES (94,'SI','','VAT',0.22);
INSERT INTO "salestaxes" VALUES (95,'SK','','VAT',0.2);
INSERT INTO "salestaxes" VALUES (96,'UK','','VAT',0.2);
INSERT INTO "salestaxes" VALUES (97,'VC','','VAT',0.16);
INSERT INTO "salestaxes" VALUES (98,'AU','NSW','Sales Tax',0.3);
INSERT INTO "company" VALUES (1,3,'Tip the Boat Ltd.','namo@ttb.com','705-555-5551','fff',1,'','','9999ffff9f',0,0);
INSERT INTO "company" VALUES (2,5,'Wavve Com','linda@waave.net','778-555-9999','',1,'','','',0,0);
INSERT INTO "company" VALUES (3,1,'Boxes & Boxes Inc.','jcox@boxesboxes.com','775-444-1234','775-555-5552',1,'','','',0,0);
INSERT INTO "company" VALUES (4,11,'Bright Idea Software Ltd.','rmac@brightidea.com','435-555-5551','435-326-2222',1,'','','',0,0);
INSERT INTO "company" VALUES (5,7,'Everest Solutions','ricky@everestsolutions.com','250-000-9000','',1,'','','',0,0);
INSERT INTO "company" VALUES (6,3,'Amerson Transport Inc.','aa@amersontransport.com','709-000-8888','',1,'','','',0,0);
INSERT INTO "company" VALUES (7,9,'fotomarket','ff@fotomarket.com','','444-44444',1,'555','','no paper bills',0,0);
INSERT INTO "company" VALUES (8,10,'Addd Inc.','asasa@addd.coom','','',1,'555-555-5555','','',0,0);
INSERT INTO "company" VALUES (9,6,'Homerun Inc.','','','',1,'','','',0,0);
INSERT INTO "company" VALUES (10,5,'ss','','','',1,'','','',0,0);
INSERT INTO "company" VALUES (11,3,'a','','','',1,'','','',0,0);
INSERT INTO "inventory" VALUES ('b','100W LAMP',1,5,5,0,0,'',1,'BROKE',0,0);
INSERT INTO "inventory" VALUES ('12345678','Part 1',2,13,6,0,0,'',1,'','',0);
INSERT INTO "inventory" VALUES ('12345679','Part 2',3,0,7,0,0,'',1,'','',0);
INSERT INTO "inventory" VALUES ('3333','Part 3',4,3,0,0,0,'',1,'','',0);
INSERT INTO "inventory" VALUES ('44444444','M5 Socket Cap Screw',5,4,4.26,0,0,'',1,'noted',11,0);
INSERT INTO "inventory" VALUES ('55555','555 Timers',5,4,500.5,0,0,'',1,'no',0,0);
INSERT INTO "inventory" VALUES ('20000','LEAD WEIGHT',2,1,0,0,0,'',1,'',9,0);
INSERT INTO "inventory" VALUES ('037000663959','Wash Gel',1,0,0,0,0,'',1,'',0,0);
INSERT INTO "inventory" VALUES ('100001','2',1,1,0,0,0,'',1,'',0,0);
INSERT INTO "inventory" VALUES ('333','t6',1,1,0,0,0,'',1,'',0,0);
INSERT INTO "inventory" VALUES ('uiuuuui','gobstopper',1,8,0,0,7,'',1,'ddd',0,0);
INSERT INTO "inventory" VALUES ('1000000','',1,1,0,0,0,'',1,'',0,0);
INSERT INTO "inventory" VALUES ('wasa','rare e-coin',13,4,25,65.9,2,'AAA-555-FFFDF',1,'dfjjdjjdj',0,0);
INSERT INTO "inventory" VALUES ('1000002','',1,1,0,0,0,'',1,'',0,0);
INSERT INTO "inventory" VALUES ('123','',1,1,0,0,0,'',1,'',0,0);
INSERT INTO "inventory" VALUES ('325','',1,1,0,0,0,'',1,'',0,0);
INSERT INTO "inventory" VALUES ('$typedtext','',1,1,0,0,0,'',1,'',0,0);
INSERT INTO "inventory" VALUES ('5437','',1,1,0,0,0,'',1,'',0,0);
INSERT INTO "inventory" VALUES ('8766','',1,1,0,0,0,'',1,'',0,0);
INSERT INTO "inventory" VALUES ('fkl','',1,1,0,0,0,'',1,'',0,0);
INSERT INTO "inventory" VALUES ('dl','',1,1,0,0,0,'',1,'',0,0);
INSERT INTO "inventory" VALUES ('3331','',1,1,0,0,0,'',1,'',0,0);
INSERT INTO "inventory" VALUES ('3332','',1,1,0,0,0,'',1,'',0,0);
INSERT INTO "inventory" VALUES ('43434','',1,1,0,0,0,'',1,'',0,0);
INSERT INTO "inventory" VALUES ('010101','Binary Soda',1,54,1.22,0,0,'',1,'Min. Order 50 pcs',0,0);
INSERT INTO "inventory" VALUES ('SA12345','',1,1,0,0,0,'',1,'',0,0);
INSERT INTO "inventory" VALUES ('dddd','',1,1,0,0,0,'',1,'',0,0);
INSERT INTO "inventory" VALUES ('sssd','',1,1,0,0,0,'',1,'',0,0);
INSERT INTO "inventory" VALUES ('jjkjkjjj','00000000000000000000',1,4,0,0,0,'',1,'',0,0);
INSERT INTO "inventory" VALUES ('klklllll','',1,1,0,0,0,'',1,'',0,0);
INSERT INTO "inventory" VALUES ('1','Licence Key Code',0,0,1,1,1,'',1,'',0,0);
INSERT INTO "inventory" VALUES ('2','yupoooo',0,0,2,3,2,'',1,'',0,0);
INSERT INTO "inventory" VALUES ('4','Dishwasher pod',0,0,4,5,6,'',1,'',0,0);
INSERT INTO "inventory" VALUES ('5','Itemuuuu',0,0,6,7,0,'',1,'',0,0);
INSERT INTO "inventory" VALUES ('6','SI ITM',0,0,8,9,0,'',1,'',0,0);
INSERT INTO "inventory" VALUES ('3','GoGo Coffee',0,0,16.23,55.2,2,'',1,'',0,0);
INSERT INTO "inventory" VALUES ('7','Shipping and Handling',0,0,10,11,0,'',1,'Includes:
-Site Inspection
-Delivery
-Network configuration
-Basic Training',0,0);
INSERT INTO "inventory" VALUES ('8','Quote for Service',0,0,0,0,0,'',0,'-invoice based on quote',0,0);
INSERT INTO "inventory" VALUES ('9','Time and Material',0,0,0,0,0,'',0,'-Hourly Charge for Labor and Travel
-Charged for parts purchased',0,0);
INSERT INTO "inventory" VALUES ('10','Gold-Limited All Inclusive',0,0,0,0,0,'',0,'-Most equipment items failures are included
-Parts are inclued
-No additional charges
-Excludes willfull damage',0,0);
INSERT INTO "inventory" VALUES ('11','Silver-Unlimited Labor, Tavel and parts up to $1000',0,0,0,0,0,'',0,'-No additional charge for Labor or Travel
-Parts under $1000 are included',0,0);
INSERT INTO "inventory" VALUES ('12','Bronze-500 hours, parts extra',0,0,0,0,0,'',0,'-500 Hours of Labor and Travel
-Excess Hours billed as Time and Material
-Parts extra',0,0);
INSERT INTO "inventory" VALUES ('13','Remote Support Only',0,0,0,0,0,'',0,'-Unlimited remote support, based on support availibility',0,0);
INSERT INTO "inventory" VALUES ('14','Shipping Included',0,0,0,0,0,'',0,'-No charges for shipping and handling',0,0);
INSERT INTO "inventory" VALUES ('15','Maintenance Only',0,0,0,0,0,'',0,'-Annual Preventative Maintenance Visit Only',0,0);
INSERT INTO "inventory" VALUES ('16','Labor Included',0,0,0,0,0,'',0,'-Onsite, and remote Labor included
-Travel time is charged',0,0);
INSERT INTO "inventory" VALUES ('17','Travel Included',0,0,0,0,0,'',0,'-Unlimted Travel hours to site
-Labor charge extra',0,0);
INSERT INTO "inventory" VALUES ('898989','0',1,1,0,0,0,'',0,'',0,0);
INSERT INTO "inventory" VALUES ('A0','',1,1,0,0,0,'',0,'',0,0);
INSERT INTO "inventory" VALUES ('NNN0UuHh60291777666GZZ','Floppy',1,0,0,0,0,'',0,'',0,0);
INSERT INTO "inventory" VALUES ('-','',1,1,0,0,0,'',0,'',0,0);
INSERT INTO "inventory" VALUES ('WD-WMAM9CAM5674','80GB HDD',1,4,0,0,0,'',0,'',2,0);
INSERT INTO "inventory" VALUES ('769328100204','CRIMPER',1,70,0,0,0,'',0,'',2,0);
INSERT INTO "inventory" VALUES ('1111111','',1,1,0,0,0,'',0,'',0,0);
INSERT INTO "inventory" VALUES ('83061144727S','',1,5,0,0,0,'',0,'',2,0);
INSERT INTO "inventory" VALUES ('WMAD1F747586','WD 40GB Drive',1,13,0,0,0,'',0,'',2,0);
INSERT INTO "inventory" VALUES ('070845004716','Deli Market Mustard',1,0,0,0,0,'',0,'',2,0);
INSERT INTO "contracttype" VALUES (0,'Time and Material','',0);
INSERT INTO "contracttype" VALUES (1,'Quote for Service','',0);
INSERT INTO "contracttype" VALUES (2,'Gold-Limited All Inclusive','',5000);
INSERT INTO "equipment" VALUES ('F1637','K526 Fridge2',1,2,26,'FFF-4444-FFF','d',0,0);
INSERT INTO "equipment" VALUES ('1853','X33 Plasma Manifold',1,8,7,'32144-343535','located underfloor',0,0);
INSERT INTO "equipment" VALUES ('4444','Torch',6,7,1,'425-63766','',0,0);
INSERT INTO "equipment" VALUES ('5444','Flash Light',7,2,28,'645-3666','',0,0);
INSERT INTO "equipment" VALUES ('3333','Wheel Barrow',6,7,1,'7328-86321156','',0,0);
INSERT INTO "equipment" VALUES ('1965','Power Excavator',5,1,29,'52-6663267','3h maintenance fo every 200h service',0,0);
INSERT INTO "equipment" VALUES ('9999','Backpack1',1,1,31,'5227-875332','',0,0);
INSERT INTO "equipment" VALUES ('1233','Sledgehammer',9,2,2,'627','',0,0);
INSERT INTO "equipment" VALUES ('3456','Raylor Frozen Dessert Maker',2,1,0,'6543-57782','',0,0);
INSERT INTO "equipment" VALUES ('4000','Mystery Thether 4000',1,1,0,'m4000-1003','only 3 people are trained',0,0);
INSERT INTO "equipment" VALUES ('1846','eg',1,1,7,'m4000-1846','only 3 people are trained',0,0);
INSERT INTO "equipment" VALUES ('3000','',1,1,3,'','',0,0);
INSERT INTO "equipment" VALUES ('3001','F2690E',1,1,4,'','',0,0);
INSERT INTO "equipment" VALUES ('3002','GCK60-ZD1211',2,4,5,'','',0,0);
INSERT INTO "equipment" VALUES ('3003','GCK48-700ZA',10,8,6,'','',0,0);
INSERT INTO "equipment" VALUES ('3004','RCK72R-F36',5,2,7,'','',0,0);
INSERT INTO "equipment" VALUES ('3005','',4,5,0,'','',0,0);
INSERT INTO "quote" VALUES (25,0,'www',7,6,'','',0,0,0,43.55,46.16,1,20230827,'','',0,'',20231125,20230901,20240831,'','','',0,3,0);
INSERT INTO "qtscope" VALUES (45,7,22);
INSERT INTO "qtscope" VALUES (46,6,22);
INSERT INTO "qtscope" VALUES (47,7,23);
INSERT INTO "qtscope" VALUES (48,6,23);
INSERT INTO "qtscope" VALUES (49,0,25);
INSERT INTO "qtscope" VALUES (51,1,25);
INSERT INTO "contacts" VALUES (1,3,'Sales','Namo McPherson','namo@ttb.com','705-555-5551','444-666-6666','','','',0,9,0,'3,4,5');
INSERT INTO "contacts" VALUES (2,5,'CEO','Linda Gerry','linda@waave.net','778-555-9999','444-666-6666','','','',0,1,0,' ');
INSERT INTO "contacts" VALUES (3,1,'Marketing','Jennifer Cox','jcox@boxesboxes.com','775-444-1234','775-555-5552','','','',0,8,0,'  ');
INSERT INTO "contacts" VALUES (4,8,'Manager','Ronald Mac','rmac@brightidea.com','435-555-5551','435-326-2222','','','',0,2,0,' ');
INSERT INTO "contacts" VALUES (5,7,'Manager','Ricky Zoomer','ricky@everestsolutions.com','250-000-9000','444-666-6666','','','',0,7,0,' ');
INSERT INTO "contacts" VALUES (6,3,'Owner','Alfred Almerson','aa@amersontransport.com','709-000-8888','709-000-8888','888','','',0,6,0,' ');
INSERT INTO "contacts" VALUES (7,9,'CEO','Fame Fortune','ff@fotomarket.com','','444-666-6666','','','no paper bills',0,4,0,' ');
INSERT INTO "contacts" VALUES (8,12,'pos','Asa Ada','asasa@addd.coom','7','444-666-6666','','','',0,1,0,' ');
INSERT INTO "address" VALUES (0,'123 Fake St.','UNDEFINED','ON','fake','CA',0,0);
INSERT INTO "address" VALUES (1,'123 Fake St.','Timmins','ON','P4P0A5','CA',0,0);
INSERT INTO "address" VALUES (2,'1 Island','Toronto','ON','M5V1A1','CA',0,0);
INSERT INTO "address" VALUES (3,'55 Oceanside Dr.','Gander','NL','A0A1H0','CA',0,0);
INSERT INTO "address" VALUES (4,'100 Union','Saint Vincent','','VC0170','VC',0,0);
INSERT INTO "address" VALUES (5,'6977 Road St.','Bankstown Aerodome','NSW','2200','AU',0,0);
INSERT INTO "address" VALUES (6,'200 Wrong Way Blvd.','Detroit','MI','48174','US',0,0);
INSERT INTO "address" VALUES (7,'400 Bridge Way','Nanaimo','BC','V9R0A1','CA',0,0);
INSERT INTO "address" VALUES (8,'60 Unit Lake Rd.','Kelowna','BC','V1P1A1','CA',0,0);
INSERT INTO "address" VALUES (9,'323 No Name St.','Elko','NV','89801','US',0,0);
INSERT INTO "address" VALUES (10,'987 Bright Idea Rd.','Altamont','UT','84001','US',0,0);
INSERT INTO "address" VALUES (11,'400 Mountain St.','Toledo','OH','12345','US',0,0);
INSERT INTO "address" VALUES (12,'501 Egot St.','Thousand Oaks','CA','91319','US',0,0);
INSERT INTO "address" VALUES (13,'53 Glasgow way','Ga','','V0D3E3','UK',0,0);
INSERT INTO "worktype" VALUES (1,'Scheduled');
INSERT INTO "worktype" VALUES (2,'Unscheduled');
INSERT INTO "worktype" VALUES (3,'Emergency');
INSERT INTO "worktype" VALUES (4,'Remote');
INSERT INTO "worktype" VALUES (5,'Preventative Maintenance');
INSERT INTO "servicecall" VALUES (50,10022,0,20330353,'01:00',1.2,1.25,'d','',0,3,0,0);
INSERT INTO "servicecall" VALUES (51,10022,0,20220321,'01:32',1.1,1.4,'','',0,3,0,0);
INSERT INTO "servicecall" VALUES (52,10022,0,20230101,'09:00',4,6,'','',0,3,0,0);
INSERT INTO "servicecall" VALUES (53,10024,0,20230101,'09:00',1,1,'','',0,3,0,0);
INSERT INTO "servicecall" VALUES (54,10025,0,20230101,'09:00',1,1,'','',0,3,0,0);
INSERT INTO "dispatch" VALUES (10022,3333,1,7,202308270932,'foooo',3,'','','','',2,3,1,3,0,0);
INSERT INTO "dispatch" VALUES (10023,3333,2,7,202308270932,'foooo',3,'','','','',2,3,0,3,0,0);
INSERT INTO "dispatch" VALUES (10024,4444,3,2,202308270932,'jhjhjhhkjjhhhj',3,'','','','',1,1,0,1,0,0);
INSERT INTO "dispatch" VALUES (10025,4444,4,7,202308270932,'skdk',3,'','','','',2,3,0,1,0,0);
INSERT INTO "invoice" VALUES (20,22,'','','Based on Quote: Q0000022',0,0);
INSERT INTO "invoice" VALUES (21,23,'','','Based on Quote: Q0000023',0,0);
INSERT INTO "invoice" VALUES (22,0,'Invoice for service','202309101204','Based on Quote: Q0000025',0,0);
INSERT INTO "invoice" VALUES (23,0,'','202309131204','Based on Quote: Q0000025',0,0);
INSERT INTO "invoice" VALUES (24,0,'','202309131218','Based on Quote: Q0000025',0,0);
INSERT INTO "invoice" VALUES (25,0,'','','Based on Quote: Q0000025',0,0);
INSERT INTO "invoice" VALUES (26,0,'','','Based on Quote: Q0000025',0,0);
INSERT INTO "invoice" VALUES (27,25,'','202309131305','Based on Quote: Q0000025',0,0);
COMMIT;
